{"0.9122978884528612":{"userid":1},"0.12818192972138887":{"userid":1},"0.622633967938556":{"userid":13},"0.34899615354916924":{"userid":13}}